{
  "glove-200_2bit": {
    "dataset": "glove-200",
    "dim": 200,
    "bit_width": 2,
    "seed": 42,
    "n_db": 100000,
    "n_queries": 10000,
    "cos_stats": {
      "cos_mean": 0.9400802254676819,
      "cos_std": 0.006636226084083319,
      "xh_norm_mean": 0.9393569827079773
    },
    "recall_at_1_at_k": {
      "baseline": {
        "1": 0.5117,
        "2": 0.6657,
        "4": 0.7916,
        "8": 0.8855,
        "16": 0.9466,
        "32": 0.9771,
        "64": 0.9913
      },
      "form_A_regression": {
        "1": 0.557,
        "2": 0.7058,
        "4": 0.8235,
        "8": 0.9071,
        "16": 0.9593,
        "32": 0.9845,
        "64": 0.9939
      },
      "form_B_paper": {
        "1": 0.5609,
        "2": 0.7128,
        "4": 0.831,
        "8": 0.9112,
        "16": 0.9634,
        "32": 0.9848,
        "64": 0.9948
      }
    }
  },
  "glove-200_4bit": {
    "dataset": "glove-200",
    "dim": 200,
    "bit_width": 4,
    "seed": 42,
    "n_db": 100000,
    "n_queries": 10000,
    "cos_stats": {
      "cos_mean": 0.9953391551971436,
      "cos_std": 0.0009531387477181852,
      "xh_norm_mean": 0.9951646327972412
    },
    "recall_at_1_at_k": {
      "baseline": {
        "1": 0.8249,
        "2": 0.9408,
        "4": 0.9875,
        "8": 0.9979,
        "16": 0.9999,
        "32": 1.0,
        "64": 1.0
      },
      "form_A_regression": {
        "1": 0.8607,
        "2": 0.9586,
        "4": 0.9928,
        "8": 0.9991,
        "16": 1.0,
        "32": 1.0,
        "64": 1.0
      },
      "form_B_paper": {
        "1": 0.86,
        "2": 0.9595,
        "4": 0.9928,
        "8": 0.9994,
        "16": 1.0,
        "32": 1.0,
        "64": 1.0
      }
    }
  },
  "openai-1536_2bit": {
    "dataset": "openai-1536",
    "dim": 1536,
    "bit_width": 2,
    "seed": 42,
    "n_db": 100000,
    "n_queries": 1000,
    "cos_stats": {
      "cos_mean": 0.9395331144332886,
      "cos_std": 0.0024137997534126043,
      "xh_norm_mean": 0.9394603967666626
    },
    "recall_at_1_at_k": {
      "baseline": {
        "1": 0.862,
        "2": 0.967,
        "4": 0.995,
        "8": 0.999,
        "16": 1.0,
        "32": 1.0,
        "64": 1.0
      },
      "form_A_regression": {
        "1": 0.893,
        "2": 0.974,
        "4": 0.996,
        "8": 1.0,
        "16": 1.0,
        "32": 1.0,
        "64": 1.0
      },
      "form_B_paper": {
        "1": 0.909,
        "2": 0.978,
        "4": 0.996,
        "8": 1.0,
        "16": 1.0,
        "32": 1.0,
        "64": 1.0
      }
    }
  },
  "openai-1536_4bit": {
    "dataset": "openai-1536",
    "dim": 1536,
    "bit_width": 4,
    "seed": 42,
    "n_db": 100000,
    "n_queries": 1000,
    "cos_stats": {
      "cos_mean": 0.9952533841133118,
      "cos_std": 0.00035732678952626884,
      "xh_norm_mean": 0.99527508020401
    },
    "recall_at_1_at_k": {
      "baseline": {
        "1": 0.963,
        "2": 0.995,
        "4": 1.0,
        "8": 1.0,
        "16": 1.0,
        "32": 1.0,
        "64": 1.0
      },
      "form_A_regression": {
        "1": 0.974,
        "2": 0.996,
        "4": 1.0,
        "8": 1.0,
        "16": 1.0,
        "32": 1.0,
        "64": 1.0
      },
      "form_B_paper": {
        "1": 0.974,
        "2": 0.997,
        "4": 1.0,
        "8": 1.0,
        "16": 1.0,
        "32": 1.0,
        "64": 1.0
      }
    }
  },
  "openai-3072_2bit": {
    "dataset": "openai-3072",
    "dim": 3072,
    "bit_width": 2,
    "seed": 42,
    "n_db": 100000,
    "n_queries": 1000,
    "cos_stats": {
      "cos_mean": 0.9394387602806091,
      "cos_std": 0.001708767144009471,
      "xh_norm_mean": 0.9393318891525269
    },
    "recall_at_1_at_k": {
      "baseline": {
        "1": 0.906,
        "2": 0.98,
        "4": 0.998,
        "8": 1.0,
        "16": 1.0,
        "32": 1.0,
        "64": 1.0
      },
      "form_A_regression": {
        "1": 0.917,
        "2": 0.984,
        "4": 0.999,
        "8": 1.0,
        "16": 1.0,
        "32": 1.0,
        "64": 1.0
      },
      "form_B_paper": {
        "1": 0.913,
        "2": 0.984,
        "4": 0.999,
        "8": 1.0,
        "16": 1.0,
        "32": 1.0,
        "64": 1.0
      }
    }
  },
  "openai-3072_4bit": {
    "dataset": "openai-3072",
    "dim": 3072,
    "bit_width": 4,
    "seed": 42,
    "n_db": 100000,
    "n_queries": 1000,
    "cos_stats": {
      "cos_mean": 0.9952409267425537,
      "cos_std": 0.00025407798239029944,
      "xh_norm_mean": 0.9952232837677002
    },
    "recall_at_1_at_k": {
      "baseline": {
        "1": 0.969,
        "2": 1.0,
        "4": 1.0,
        "8": 1.0,
        "16": 1.0,
        "32": 1.0,
        "64": 1.0
      },
      "form_A_regression": {
        "1": 0.98,
        "2": 1.0,
        "4": 1.0,
        "8": 1.0,
        "16": 1.0,
        "32": 1.0,
        "64": 1.0
      },
      "form_B_paper": {
        "1": 0.981,
        "2": 1.0,
        "4": 1.0,
        "8": 1.0,
        "16": 1.0,
        "32": 1.0,
        "64": 1.0
      }
    }
  }
}